District Code,District Name,ELA,Math,Attendance Rate,Truancy Rate,PK-12 Count,Teacher FTE,Percent Minority,Percent Female,Percent Male,Percent Non-Binary,Average Teacher Salary,Percent Teacher Minority,Staff Turnover Rate,Federal Funding Per Pupil,State/Local Funding Per Pupil,Student Teacher Ratio,Total Funding Per Pupil
10,Mapleton 1,23.9,17.0,0.905,0.05,7095,404.6,0.875,0.499,0.501,0.0,84216.0,0.2246376811594203,0.1961,525.0,14362.0,17.535837864557585,14887.0
20,Adams 12 Five Star Schools,42.2,34.2,0.9,0.05,34466,2019.5,0.608,0.484,0.515,0.0008,78778.0,0.14195121951219514,0.18359999999999999,1008.0,14877.0,17.066600643723692,15885.0
30,Adams County 14,12.9,8.6,0.879,0.091,5221,318.9,0.924,0.466,0.534,0.0,77089.0,0.4696969696969697,0.2577,1988.0,15753.0,16.371903417999373,17741.0
40,School District 27J,32.4,25.2,0.914,0.038,24014,1231.0,0.635,0.486,0.514,0.0001,76638.0,0.16328188464662874,0.1863,440.0,10788.0,19.507717303005688,11228.0
50,Bennett 29J,27.7,17.6,0.924,0.027999999999999997,1793,91.0,0.619,0.48100000000000004,0.519,0.0,53818.0,0.16129032258064513,0.34149999999999997,481.0,13661.0,19.703296703296704,14142.0
60,Strasburg 31J,35.3,30.1,0.919,0.015,1180,66.7,0.444,0.48100000000000004,0.519,0.0,54322.0,0.11940298507462688,0.2515,213.0,12727.0,17.691154422788603,12940.0
70,Westminster Public Schools,22.8,15.1,0.89,0.081,7724,428.4,0.866,0.49200000000000005,0.508,0.0,82703.0,0.2107728337236534,0.1852,1252.0,17194.0,18.029878618113912,18446.0
100,Alamosa RE-11J,33.6,20.2,0.93,0.018000000000000002,2038,139.1,0.6970000000000001,0.485,0.515,0.0,65144.0,0.36764705882352944,0.14429999999999998,1284.0,13642.0,14.651329978432782,14926.0
110,Sangre De Cristo Re-22J,61.5,31.6,0.929,0.012,256,24.9,0.254,0.469,0.531,0.0,48728.0,0.12,0.2115,1219.0,14785.0,10.281124497991968,16004.0
120,Englewood 1,33.6,23.9,0.885,0.06,2406,165.7,0.562,0.47,0.53,0.0,72803.0,0.10588235294117643,0.23379999999999998,1580.0,16067.0,14.52021726010863,17647.0
123,Sheridan 2,10.4,4.9,0.904,0.057999999999999996,1018,68.1,0.8690000000000001,0.493,0.507,0.0,71797.0,0.13043478260869568,0.39039999999999997,5163.0,20247.0,14.948604992657858,25410.0
130,Cherry Creek 5,48.2,42.8,0.92,0.028999999999999998,52672,3213.7,0.552,0.48,0.519,0.0012,95145.0,0.16376413076688057,0.1693,732.0,16283.0,16.38983103587765,17015.0
140,Littleton 6,61.9,54.3,0.937,0.017,13110,766.3,0.27699999999999997,0.485,0.515,0.0,87220.0,0.08290816326530615,0.19039999999999999,502.0,16228.0,17.108182174083257,16730.0
170,Deer Trail 26J,18.0,15.7,0.925,0.015,327,28.0,0.5379999999999999,0.462,0.5379999999999999,0.0,54724.0,0.0714285714285714,0.2787,547.0,14253.0,11.678571428571429,14800.0
180,Adams-Arapahoe 28J,24.8,18.4,0.8909999999999999,0.065,39813,2338.4,0.867,0.485,0.515,0.0,81538.0,0.255863539445629,0.20980000000000001,1491.0,16936.0,17.025744098528907,18427.0
190,Byers 32J,41.4,33.6,0.9420000000000001,0.019,6853,166.7,0.478,0.528,0.47200000000000003,0.0,55175.0,0.12138728323699421,0.2311,258.0,10042.0,41.10977804439113,10300.0
220,Archuleta County 50 Jt,41.4,27.9,0.9009999999999999,0.038,1588,112.8,0.441,0.47600000000000003,0.524,0.0,62978.0,0.14166666666666672,0.2205,1252.0,13615.0,14.078014184397164,14867.0
230,Walsh RE-1,39.7,20.5,0.9540000000000001,0.001,177,16.4,0.215,0.41200000000000003,0.588,0.0,38887.0,0.0,0.0789,490.0,150933.0,10.792682926829269,151423.0
250,Springfield RE-4,25.2,16.5,0.9059999999999999,0.019,284,29.8,0.24600000000000002,0.5,0.5,0.0,45415.0,0.25806451612903225,0.3231,974.0,14676.0,9.53020134228188,15650.0
270,Campo RE-6,36.4,18.2,0.9540000000000001,0.0,47,5.7,0.255,0.46799999999999997,0.532,0.0,47180.0,0.125,0.15,4796.0,46849.0,8.24561403508772,51645.0
290,Las Animas RE-1,40.5,24.5,0.883,0.098,906,37.3,0.6509999999999999,0.494,0.506,0.0,52971.0,0.21052631578947367,0.146,3213.0,10699.0,24.289544235924936,13912.0
310,McClave Re-2,65.1,69.8,0.935,0.024,231,19.9,0.268,0.498,0.502,0.0,49380.0,0.19047619047619047,0.10640000000000001,1485.0,17756.0,11.608040201005027,19241.0
470,St Vrain Valley RE1J,50.9,45.4,0.9259999999999999,0.022000000000000002,32414,1956.7,0.40299999999999997,0.489,0.511,0.0,85682.0,0.08980213089802136,0.1448,1095.0,14893.0,16.565646241120252,15988.0
480,Boulder Valley Re 2,65.6,55.1,0.935,0.013999999999999999,27991,1591.6,0.35200000000000004,0.48100000000000004,0.517,0.0023,101831.0,0.14474474474474475,0.17129999999999998,697.0,18291.0,17.58670520231214,18988.0
490,Buena Vista R-31,43.3,27.5,0.94,0.031,925,73.4,0.21,0.466,0.534,0.0,54869.0,0.03947368421052633,0.2234,517.0,15357.0,12.60217983651226,15874.0
500,Salida R-32,65.7,55.3,0.9259999999999999,0.02,1355,101.8,0.196,0.489,0.511,0.0,52891.0,0.13592233009708743,0.204,1960.0,13749.0,13.31041257367387,15709.0
540,Clear Creek RE-1,38.1,29.2,0.919,0.017,634,50.9,0.213,0.45,0.55,0.0,61369.0,0.036363636363636376,0.3358,1101.0,20488.0,12.455795677799607,21589.0
550,North Conejos RE-1J,50.1,38.5,0.93,0.011000000000000001,927,67.6,0.526,0.513,0.48700000000000004,0.0,54937.0,0.19402985074626866,0.1527,1233.0,11281.0,13.713017751479292,12514.0
560,Sanford 6J,44.1,39.1,0.935,0.021,384,24.7,0.331,0.46399999999999997,0.536,0.0,53744.0,0.07692307692307687,0.15380000000000002,842.0,12056.0,15.546558704453442,12898.0
640,Centennial R-1,16.4,18.2,0.873,0.05,186,15.3,0.823,0.473,0.527,0.0,47624.0,0.8235294117647058,0.3529,2406.0,20168.0,12.156862745098039,22574.0
740,Sierra Grande R-30,24.4,15.4,0.917,0.036000000000000004,307,14.1,0.8440000000000001,0.47200000000000003,0.528,0.0,44863.0,0.33333333333333337,0.5,2252.0,15369.0,21.77304964539007,17621.0
770,Crowley County RE-1-J,29.5,14.4,0.9129999999999999,0.07,332,21.7,0.46399999999999997,0.452,0.5479999999999999,0.0,50337.0,0.18181818181818177,0.2353,2900.0,18030.0,15.299539170506913,20930.0
860,Custer County School District C-1,36.3,17.6,0.9359999999999999,0.017,322,29.4,0.18,0.509,0.491,0.0,55114.0,0.033333333333333326,0.25,1089.0,14628.0,10.952380952380953,15717.0
870,Delta County 50(J),45.7,30.5,0.9279999999999999,0.018000000000000002,4524,263.5,0.304,0.493,0.507,0.0,62717.0,0.06319702602230481,0.1916,1815.0,12530.0,17.16888045540797,14345.0
880,Denver County 1,41.9,32.9,0.892,0.066,90450,6047.0,0.752,0.489,0.508,0.0024,85713.0,0.33617963314358,0.2052,1592.0,16643.0,14.957830329088804,18235.0
890,Dolores County RE No.2,21.7,13.4,0.92,0.0,262,20.7,0.084,0.435,0.565,0.0,46748.0,0.04761904761904767,0.2167,1642.0,18929.0,12.657004830917876,20571.0
900,Douglas County Re 1,63.4,55.5,0.937,0.013999999999999999,61851,3515.3,0.33,0.486,0.514,0.0,75777.0,0.08388338833883391,0.1609,338.0,15251.0,17.594799874832873,15589.0
910,Eagle County RE 50,42.1,29.6,0.915,0.018000000000000002,6312,499.1,0.579,0.479,0.521,0.0,69159.0,0.241779497098646,0.17980000000000002,780.0,16988.0,12.646764175515928,17768.0
920,Elizabeth School District,42.4,31.9,0.922,0.013999999999999999,2667,143.6,0.195,0.462,0.5379999999999999,0.0,53938.0,0.09090909090909094,0.41200000000000003,662.0,12553.0,18.57242339832869,13215.0
930,Kiowa C-2,26.3,10.5,0.9159999999999999,0.024,292,25.9,0.17800000000000002,0.514,0.486,0.0,47790.0,0.038461538461538436,0.5357,1202.0,14033.0,11.274131274131275,15235.0
940,Big Sandy 100J,48.1,40.5,0.9470000000000001,0.006,329,31.6,0.16699999999999998,0.495,0.505,0.0,47776.0,0.03125,0.1594,1279.0,15621.0,10.41139240506329,16900.0
950,Elbert 200,34.7,28.8,0.9329999999999999,0.027999999999999997,277,23.7,0.134,0.505,0.495,0.0,50452.0,0.0,0.21050000000000002,957.0,14913.0,11.68776371308017,15870.0
970,Calhan RJ-1,39.4,27.0,0.941,0.059000000000000004,414,37.2,0.15,0.488,0.512,0.0,49878.0,0.052631578947368474,0.2118,1007.0,14707.0,11.129032258064516,15714.0
980,Harrison 2,36.1,24.0,0.904,0.052000000000000005,12301,827.8,0.762,0.49200000000000005,0.508,0.0002,62091.0,0.23693803159173754,0.27649999999999997,2133.0,12434.0,14.859869533703794,14567.0
990,Widefield 3,43.3,29.4,0.9179999999999999,0.012,9292,586.8,0.59,0.48,0.52,0.0,65969.0,0.1351351351351351,0.1881,657.0,12960.0,15.835037491479211,13617.0
1000,Fountain 8,34.2,24.3,0.914,0.044000000000000004,7955,484.2,0.569,0.479,0.521,0.0,67331.0,0.235655737704918,0.212,671.0,14391.0,16.429161503510947,15062.0
1010,Colorado Springs 11,38.9,31.1,0.877,0.055999999999999994,22265,1494.3,0.539,0.48200000000000004,0.518,0.0,64654.0,0.18877551020408168,0.21050000000000002,1709.0,16534.0,14.899953155323564,18243.0
1020,Cheyenne Mountain 12,66.2,60.2,0.948,0.004,3725,248.7,0.3,0.48100000000000004,0.519,0.0,72066.0,0.07114624505928857,0.13849999999999998,647.0,13142.0,14.977885002010455,13789.0
1030,Manitou Springs 14,54.8,40.6,0.94,0.009000000000000001,1147,93.9,0.21,0.47100000000000003,0.528,0.0009,65287.0,0.10204081632653061,0.1972,549.0,18376.0,12.215122470713524,18925.0
1040,Academy 20,61.1,51.9,0.9329999999999999,0.013999999999999999,26569,1570.2,0.33799999999999997,0.49200000000000005,0.508,0.0,67896.0,0.12809405940594054,0.2216,464.0,11907.0,16.9207744236403,12371.0
1050,Ellicott 22,36.8,20.3,0.9259999999999999,0.023,1009,71.1,0.524,0.491,0.509,0.0,46830.0,0.07042253521126762,0.3478,1151.0,13476.0,14.19127988748242,14627.0
1060,Peyton 23 Jt,49.4,40.1,0.946,0.013000000000000001,599,41.8,0.23,0.49700000000000005,0.503,0.0,51857.0,0.09302325581395354,0.26170000000000004,519.0,12834.0,14.330143540669857,13353.0
1070,Hanover 28,24.2,11.1,0.883,0.044000000000000004,264,19.6,0.455,0.504,0.496,0.0,49607.0,0.19999999999999996,0.3971,838.0,19891.0,13.46938775510204,20729.0
1080,Lewis-Palmer 38,59.2,51.9,0.9420000000000001,0.013999999999999999,6534,369.6,0.24100000000000002,0.47700000000000004,0.523,0.0002,60495.0,0.08900523560209428,0.2481,388.0,12207.0,17.678571428571427,12595.0
1110,District 49,45.3,34.1,0.9259999999999999,0.028999999999999998,26649,1382.1,0.49700000000000005,0.488,0.512,0.0,63889.0,0.17289377289377295,0.2422,652.0,11826.0,19.281528109398742,12478.0
1120,Edison 54 JT,28.6,19.0,0.96,0.013999999999999999,88,8.0,0.273,0.489,0.511,0.0,37059.0,0.11111111111111116,0.5,741.0,28207.0,11.0,28948.0
1130,Miami/Yoder 60 JT,27.0,13.9,0.9359999999999999,0.02,398,20.6,0.33899999999999997,0.528,0.47200000000000003,0.0,49446.0,0.045454545454545414,0.20550000000000002,1120.0,13485.0,19.320388349514563,14605.0
1140,Canon City RE-1,42.9,27.0,0.929,0.021,3195,212.5,0.228,0.483,0.517,0.0,61586.0,0.05936073059360736,0.2011,2280.0,13442.0,15.035294117647059,15722.0
1150,Fremont RE-2,36.5,18.4,0.915,0.03,1294,85.6,0.265,0.484,0.516,0.0,55551.0,0.07954545454545459,0.2412,1584.0,11866.0,15.116822429906543,13450.0
1160,Cotopaxi RE-3,36.5,25.4,0.914,0.031,155,16.2,0.135,0.484,0.516,0.0,47625.0,0.11764705882352944,0.381,1860.0,19848.0,9.567901234567902,21708.0
1180,Roaring Fork RE-1,37.3,28.0,0.922,0.038,5842,410.0,0.597,0.486,0.514,0.0,75212.0,0.17298578199052128,0.19469999999999998,1156.0,18934.0,14.248780487804877,20090.0
1195,Garfield Re-2,32.0,22.5,0.9359999999999999,0.02,4695,269.0,0.597,0.494,0.506,0.0,63060.0,0.08029197080291972,0.24530000000000002,954.0,13561.0,17.45353159851301,14515.0
1220,Garfield 16,13.5,6.4,0.9259999999999999,0.036000000000000004,1212,79.0,0.515,0.48200000000000004,0.518,0.0,58868.0,0.09876543209876543,0.2784,772.0,15015.0,15.341772151898734,15787.0
1330,Gilpin County RE-1,48.1,37.2,0.9009999999999999,0.027000000000000003,392,28.5,0.235,0.508,0.49200000000000005,0.0,66088.0,0.03448275862068961,0.25,652.0,17891.0,13.75438596491228,18543.0
1340,West Grand 1-JT,24.0,13.9,0.917,0.062,389,32.6,0.32899999999999996,0.512,0.488,0.0,52107.0,0.09375,0.2838,669.0,16851.0,11.932515337423313,17520.0
1350,East Grand 2,49.3,35.8,0.905,0.017,1301,102.5,0.239,0.47600000000000003,0.524,0.0,65135.0,0.037735849056603765,0.23739999999999997,604.0,17095.0,12.692682926829269,17699.0
1360,Gunnison Watershed RE1J,44.9,33.7,0.9179999999999999,0.015,2096,142.5,0.27899999999999997,0.479,0.521,0.0,66758.0,0.02684563758389258,0.23550000000000001,735.0,16840.0,14.708771929824561,17575.0
1380,Hinsdale County RE 1,40.0,33.3,0.927,0.002,75,10.8,0.107,0.48,0.52,0.0,52668.0,0.16666666666666663,0.1724,1147.0,26212.0,6.944444444444444,27359.0
1390,Huerfano Re-1,19.9,7.0,0.893,0.036000000000000004,443,30.7,0.596,0.45799999999999996,0.542,0.0,47097.0,0.3125,0.4681,209.0,2095.0,14.429967426710098,2304.0
1400,La Veta Re-2,25.8,25.9,0.89,0.025,238,16.5,0.294,0.462,0.5379999999999999,0.0,53501.0,0.26315789473684215,0.3,2008.0,20094.0,14.424242424242424,22102.0
1410,North Park R-1,54.7,29.1,0.904,0.012,144,12.7,0.201,0.451,0.5489999999999999,0.0,53126.0,0.0,0.2143,2142.0,22555.0,11.338582677165356,24697.0
1420,Jefferson County R-1,52.5,42.8,0.9159999999999999,0.027999999999999997,75495,4413.7,0.359,0.489,0.511,0.0001,82995.0,0.10744350908285338,0.1865,1011.0,14583.0,17.104696739696855,15594.0
1430,Eads RE-1,69.0,57.5,0.958,0.003,211,18.2,0.156,0.479,0.521,0.0,44975.0,0.0,0.1489,633.0,14981.0,11.593406593406593,15614.0
1450,Arriba-Flagler C-20,48.6,41.4,0.934,0.006,188,16.6,0.10099999999999999,0.527,0.473,0.0,46690.0,0.0,0.15560000000000002,509.0,17675.0,11.325301204819276,18184.0
1480,Stratton R-4,24.2,29.7,0.9570000000000001,0.002,220,17.2,0.23199999999999998,0.441,0.5589999999999999,0.0,44864.0,0.11111111111111116,0.15380000000000002,1560.0,15231.0,12.790697674418606,16791.0
1490,Bethune R-5,15.0,12.2,0.914,0.004,99,12.7,0.535,0.505,0.495,0.0,46984.0,0.2857142857142857,0.2703,541.0,23213.0,7.7952755905511815,23754.0
1500,Burlington RE-6J,29.3,18.4,0.91,0.028999999999999998,742,45.9,0.489,0.465,0.535,0.0,52609.0,0.21276595744680848,0.2095,527.0,11901.0,16.165577342047932,12428.0
1510,Lake County R-1,21.4,14.2,0.917,0.024,949,59.3,0.643,0.501,0.499,0.0,55129.0,0.08196721311475408,0.3144,3243.0,17517.0,16.00337268128162,20760.0
1520,Durango 9-R,50.6,38.4,0.914,0.033,4492,339.9,0.336,0.479,0.521,0.0007000000000000001,64403.0,0.10277777777777775,0.26890000000000003,899.0,16125.0,13.215651662253604,17024.0
1530,Bayfield 10 Jt-R,40.3,27.7,0.9,0.019,1183,99.1,0.289,0.49200000000000005,0.508,0.0,61614.0,0.02020202020202022,0.21350000000000002,238.0,15134.0,11.937436932391524,15372.0
1540,Ignacio 11 JT,30.8,12.2,0.8959999999999999,0.022000000000000002,633,61.2,0.7140000000000001,0.46799999999999997,0.532,0.0,55613.0,0.30645161290322576,0.2361,2753.0,19764.0,10.34313725490196,22517.0
1550,Poudre R-1,60.4,52.2,0.9059999999999999,0.031,29544,1874.7,0.302,0.48200000000000004,0.518,0.0005,77010.0,0.09035222052067382,0.1672,724.0,16020.0,15.75932149143863,16744.0
1560,Thompson R2-J,44.4,34.4,0.92,0.026000000000000002,14751,933.5,0.316,0.49,0.51,0.0,70535.0,0.06735751295336789,0.2089,907.0,14235.0,15.801821103374397,15142.0
1570,Estes Park R-3,35.5,29.4,0.917,0.024,956,69.3,0.363,0.49,0.51,0.0,62911.0,0.06493506493506496,0.3146,1574.0,15980.0,13.795093795093795,17554.0
1580,Trinidad 1,36.4,20.7,0.9329999999999999,0.04,769,43.9,0.7190000000000001,0.484,0.516,0.0,62567.0,0.2727272727272727,0.281,3162.0,12450.0,17.517084282460136,15612.0
1590,Primero Reorganized 2,37.5,31.3,0.924,0.049,214,15.6,0.621,0.45799999999999996,0.542,0.0,47384.0,0.4117647058823529,0.34090000000000004,481.0,15919.0,13.717948717948719,16400.0
1600,Hoehne Reorganized 3,32.5,35.0,0.9420000000000001,0.015,271,16.5,0.627,0.502,0.498,0.0,65612.0,0.19999999999999996,0.1458,427.0,14535.0,16.424242424242426,14962.0
1620,Aguilar Reorganized 6,37.3,35.3,0.917,0.07200000000000001,127,11.8,0.433,0.488,0.512,0.0,45636.0,0.07692307692307687,0.2059,2995.0,23310.0,10.762711864406779,26305.0
1780,Genoa-Hugo C113,34.0,25.5,0.941,0.0,220,17.4,0.086,0.47700000000000004,0.523,0.0,53362.0,0.11111111111111116,0.13949999999999999,610.0,16801.0,12.643678160919542,17411.0
1790,Limon RE-4J,59.2,42.1,0.94,0.006,451,31.5,0.233,0.439,0.561,0.0,52021.0,0.0,0.2568,872.0,14181.0,14.317460317460318,15053.0
1828,Valley RE-1,28.2,20.5,0.9259999999999999,0.02,1910,129.8,0.35200000000000004,0.462,0.5379999999999999,0.0,52831.0,0.06299212598425197,0.16190000000000002,2611.0,12751.0,14.714946070878273,15362.0
1850,Frenchman RE-3,32.2,36.8,0.958,0.006,222,18.4,0.081,0.414,0.586,0.0,46670.0,0.0,0.2051,1353.0,16095.0,12.06521739130435,17448.0
1860,Buffalo RE-4J,28.6,32.1,0.92,0.004,314,20.3,0.11800000000000001,0.433,0.5670000000000001,0.0,57848.0,0.0,0.1429,389.0,15741.0,15.467980295566502,16130.0
1870,Plateau RE-5,50.0,39.5,0.9159999999999999,0.001,205,16.3,0.083,0.483,0.517,0.0,48801.0,0.0,0.11359999999999999,674.0,18029.0,12.576687116564417,18703.0
1980,De Beque 49JT,14.9,17.0,0.907,0.026000000000000002,181,13.5,0.23800000000000002,0.503,0.49700000000000005,0.0,40785.0,0.19999999999999996,0.16670000000000001,140.0,20473.0,13.407407407407407,20613.0
1990,Plateau Valley 50,47.6,28.6,0.929,0.02,303,23.8,0.149,0.442,0.5579999999999999,0.0,53319.0,0.11538461538461542,0.2414,1400.0,15432.0,12.731092436974789,16832.0
2000,Mesa County Valley 51,43.1,34.7,0.892,0.047,19900,1260.9,0.308,0.48,0.519,0.0001,70340.0,0.11256746337702395,0.16219999999999998,1506.0,13356.0,15.782377666745974,14862.0
2010,Creede School District,58.7,41.3,0.917,0.028999999999999998,92,15.4,0.13,0.424,0.5760000000000001,0.0,48618.0,0.0,0.5517,758.0,24885.0,5.974025974025974,25643.0
2020,Moffat County RE: No 1,33.2,23.6,0.909,0.03,1821,134.9,0.337,0.473,0.527,0.0,63783.0,0.08088235294117652,0.3048,836.0,16163.0,13.498888065233507,16999.0
2035,Montezuma-Cortez RE-1,30.8,18.9,0.8959999999999999,0.037000000000000005,2386,150.2,0.5329999999999999,0.498,0.502,0.0,50170.0,0.28387096774193543,0.2953,3568.0,11716.0,15.885486018641812,15284.0
2055,Dolores RE-4A,35.8,26.3,0.915,0.018000000000000002,668,52.8,0.225,0.473,0.527,0.0,49515.0,0.07547169811320753,0.2824,1387.0,13509.0,12.651515151515152,14896.0
2070,Mancos Re-6,26.3,21.1,0.9,0.012,511,34.6,0.22899999999999998,0.462,0.5379999999999999,0.0,50501.0,0.05714285714285716,0.2667,1690.0,13616.0,14.76878612716763,15306.0
2180,Montrose County RE-1J,37.7,24.0,0.9059999999999999,0.036000000000000004,5991,352.5,0.455,0.478,0.522,0.0,64074.0,0.027855153203342642,0.2082,1354.0,12586.0,16.995744680851065,13940.0
2190,West End RE-2,34.9,24.5,0.884,0.026000000000000002,260,18.9,0.11900000000000001,0.515,0.485,0.0,47792.0,0.052631578947368474,0.2787,1132.0,15682.0,13.756613756613758,16814.0
2395,Brush RE-2(J),23.1,17.3,0.9229999999999999,0.022000000000000002,1421,83.1,0.526,0.496,0.504,0.0,58353.0,0.19277108433734935,0.16219999999999998,327.0,15474.0,17.09987966305656,15801.0
2405,Fort Morgan Re-3,24.0,16.5,0.919,0.027999999999999997,3451,229.7,0.73,0.493,0.507,0.0,54972.0,0.3090128755364807,0.1501,1950.0,11669.0,15.02394427514149,13619.0
2505,Weldon Valley RE-20(J),47.0,31.3,0.955,0.015,215,18.7,0.14,0.479,0.521,0.0,51560.0,0.052631578947368474,0.11359999999999999,1298.0,16018.0,11.497326203208557,17316.0
2515,Wiggins RE-50(J),23.8,15.0,0.9359999999999999,0.006999999999999999,913,56.5,0.373,0.518,0.48200000000000004,0.0,54973.0,0.125,0.1057,1250.0,11081.0,16.15929203539823,12331.0
2520,East Otero R-1,18.3,8.1,0.902,0.028999999999999998,1284,90.6,0.754,0.47700000000000004,0.523,0.0,46070.0,0.20454545454545459,0.10529999999999999,2440.0,13943.0,14.172185430463577,16383.0
2530,Rocky Ford R-2,32.0,24.4,0.912,0.027000000000000003,576,51.2,0.7759999999999999,0.498,0.502,0.0,47539.0,0.4117647058823529,0.16670000000000001,2243.0,21278.0,11.25,23521.0
2535,Manzanola 3J,14.3,7.9,0.892,0.027000000000000003,175,14.7,0.469,0.531,0.469,0.0,47103.0,0.33333333333333337,0.3235,1478.0,17281.0,11.904761904761905,18759.0
2560,Cheraw 31,30.6,40.3,0.912,0.011000000000000001,210,13.6,0.21899999999999997,0.519,0.48100000000000004,0.0,52838.0,0.0,0.25,1107.0,16832.0,15.441176470588236,17939.0
2570,Swink 33,47.0,35.8,0.929,0.002,290,24.3,0.217,0.5479999999999999,0.452,0.0,50495.0,0.038461538461538436,0.2857,1494.0,15029.0,11.934156378600823,16523.0
2580,Ouray R-1,61.7,40.7,0.907,0.02,180,21.5,0.233,0.42200000000000004,0.578,0.0,64751.0,0.045454545454545414,0.04650000000000001,878.0,21163.0,8.372093023255815,22041.0
2590,Ridgway R-2,70.0,57.3,0.9279999999999999,0.019,321,30.5,0.196,0.505,0.489,0.0062,62148.0,0.0,0.1429,254.0,20491.0,10.524590163934427,20745.0
2600,Platte Canyon 1,59.4,43.9,0.94,0.01,688,53.2,0.185,0.45299999999999996,0.547,0.0,62074.0,0.05555555555555558,0.2029,796.0,14952.0,12.932330827067668,15748.0
2610,Park County RE-2,35.4,26.1,0.91,0.017,576,34.4,0.29,0.47200000000000003,0.528,0.0,51898.0,0.08108108108108103,0.5753,577.0,20316.0,16.74418604651163,20893.0
2620,Holyoke Re-1J,28.4,15.1,0.941,0.01,514,44.4,0.519,0.539,0.461,0.0,45348.0,0.13636363636363635,0.1222,1143.0,17352.0,11.576576576576578,18495.0
2630,Haxtun RE-2J,46.7,27.1,0.95,0.006,298,24.0,0.09699999999999999,0.46,0.54,0.0,48931.0,0.0,0.2241,950.0,15037.0,12.416666666666666,15987.0
2640,Aspen 1,58.3,47.5,0.91,0.03,1584,128.1,0.191,0.496,0.504,0.0,79343.0,0.06106870229007633,0.16940000000000002,709.0,27998.0,12.365339578454334,28707.0
2650,Granada RE-1,32.2,16.7,0.932,0.002,210,21.5,0.767,0.47600000000000003,0.524,0.0,50296.0,0.2857142857142857,0.11630000000000001,2136.0,19107.0,9.767441860465116,21243.0
2660,Lamar Re-2,29.0,19.9,0.924,0.019,1397,92.9,0.652,0.495,0.505,0.0,52611.0,0.18947368421052635,0.1946,1911.0,9913.0,15.03767491926803,11824.0
2670,Holly RE-3,37.1,26.7,0.986,0.013999999999999999,276,20.0,0.5429999999999999,0.475,0.525,0.0,50337.0,0.19999999999999996,0.15560000000000002,1086.0,16060.0,13.8,17146.0
2680,Wiley RE-13 Jt,47.5,35.2,0.95,0.027999999999999997,270,24.6,0.389,0.474,0.526,0.0,45570.0,0.038461538461538436,0.4464,822.0,17988.0,10.97560975609756,18810.0
2690,Pueblo City 60,26.2,17.5,0.894,0.055,14089,845.1,0.775,0.491,0.509,0.0,68511.0,0.3638470451911935,0.1716,1906.0,12509.0,16.67139983433913,14415.0
2700,Pueblo County 70,42.9,28.9,0.9129999999999999,0.023,10392,563.4,0.495,0.494,0.506,0.0,69157.0,0.2478031634446397,0.1591,1246.0,11080.0,18.445154419595315,12326.0
2710,Meeker RE-1,55.9,45.5,0.9309999999999999,0.004,677,48.2,0.188,0.495,0.505,0.0,67674.0,0.0,0.15689999999999998,228.0,14004.0,14.04564315352697,14232.0
2720,Rangely RE-4,38.5,23.5,0.9279999999999999,0.013999999999999999,485,38.3,0.161,0.501,0.499,0.0,63401.0,0.05128205128205132,0.25,509.0,16763.0,12.663185378590079,17272.0
2730,Upper Rio Grande School District C-7,31.8,22.0,0.9229999999999999,0.018000000000000002,360,35.5,0.5720000000000001,0.489,0.511,0.0,50800.0,0.2702702702702703,0.1507,658.0,17958.0,10.140845070422536,18616.0
2740,Monte Vista C-8,30.2,17.0,0.932,0.018000000000000002,975,77.7,0.733,0.45899999999999996,0.539,0.001,54159.0,0.3116883116883117,0.14880000000000002,2165.0,13547.0,12.548262548262548,15712.0
2750,Sargent RE-33J,35.3,20.4,0.9229999999999999,0.026000000000000002,293,24.7,0.379,0.5529999999999999,0.447,0.0,46140.0,0.07999999999999996,0.2642,751.0,16990.0,11.862348178137653,17741.0
2760,Hayden RE-1,30.2,19.0,0.9309999999999999,0.027000000000000003,444,33.1,0.203,0.509,0.491,0.0,68039.0,0.19999999999999996,0.17809999999999998,809.0,16244.0,13.413897280966767,17053.0
2770,Steamboat Springs RE-2,67.2,55.8,0.935,0.025,2517,194.5,0.23399999999999999,0.489,0.509,0.0028000000000000004,72517.0,0.03980099502487566,0.1555,480.0,19850.0,12.940874035989717,20330.0
2790,Mountain Valley RE 1,19.4,30.6,0.9420000000000001,0.005,207,12.5,0.309,0.536,0.46399999999999997,0.0,47564.0,0.3076923076923077,0.2955,1373.0,15425.0,16.56,16798.0
2800,Moffat 2,24.0,14.7,0.879,0.034,204,17.7,0.245,0.5,0.49,0.0098,51941.0,0.16666666666666663,0.2712,4708.0,22448.0,11.52542372881356,27156.0
2810,Center 26 JT,27.6,12.4,0.93,0.017,628,45.7,0.912,0.503,0.49700000000000005,0.0,54306.0,0.36170212765957444,0.22219999999999998,4159.0,17903.0,13.7417943107221,22062.0
2830,Telluride R-1,64.4,46.5,0.919,0.024,802,64.2,0.24100000000000002,0.494,0.506,0.0,70933.0,0.19999999999999996,0.1463,1152.0,22959.0,12.49221183800623,24111.0
2840,Norwood R-2J,44.6,31.3,0.9159999999999999,0.016,191,16.7,0.19899999999999998,0.529,0.47100000000000003,0.0,47360.0,0.0,0.4386,873.0,21884.0,11.437125748502995,22757.0
2862,Julesburg Re-1,18.6,8.5,0.897,0.08900000000000001,668,29.7,0.436,0.478,0.522,0.0,52527.0,0.09999999999999998,0.2933,412.0,10630.0,22.49158249158249,11042.0
3000,Summit RE-1,42.6,36.4,0.909,0.021,3475,273.2,0.465,0.47700000000000004,0.523,0.0003,81595.0,0.13058419243986252,0.2561,536.0,18462.0,12.719619326500732,18998.0
3010,Cripple Creek-Victor RE-1,24.5,9.0,0.889,0.034,298,18.9,0.141,0.47700000000000004,0.523,0.0,48387.0,0.052631578947368474,0.4177,6663.0,21422.0,15.76719576719577,28085.0
3020,Woodland Park Re-2,50.9,37.7,0.9329999999999999,0.017,1844,123.7,0.20600000000000002,0.47,0.53,0.0,58192.0,0.029629629629629672,0.3898,708.0,14978.0,14.907033144704931,15686.0
3030,Akron R-1,35.7,28.6,0.9359999999999999,0.005,411,36.6,0.28,0.455,0.545,0.0,49001.0,0.0,0.3738,562.0,14862.0,11.22950819672131,15424.0
3050,Otis R-3,33.8,19.7,0.441,0.002,192,17.5,0.135,0.41700000000000004,0.583,0.0,48443.0,0.0,0.2766,1168.0,19056.0,10.971428571428572,20224.0
3070,Woodlin R-104,13.6,13.6,0.9209999999999999,0.015,74,8.5,0.095,0.45899999999999996,0.541,0.0,40846.0,0.36363636363636365,0.3333,1579.0,27241.0,8.705882352941176,28820.0
3080,Weld County RE-1,32.8,20.3,0.9179999999999999,0.028999999999999998,1727,128.9,0.6629999999999999,0.47200000000000003,0.528,0.0,57852.0,0.18461538461538463,0.2814,658.0,17217.0,13.397982932505817,17875.0
3085,Eaton RE-2,49.2,44.7,0.946,0.006999999999999999,2000,127.2,0.295,0.503,0.49700000000000005,0.0,60600.0,0.0546875,0.153,308.0,12499.0,15.723270440251572,12807.0
3090,Weld County School District RE-3J,31.8,24.2,0.9079999999999999,0.048,2666,172.4,0.557,0.47600000000000003,0.524,0.0,65064.0,0.13142857142857145,0.17980000000000002,1243.0,12748.0,15.464037122969836,13991.0
3100,Weld RE-4,51.1,45.4,0.9359999999999999,0.013999999999999999,8733,519.0,0.271,0.48200000000000004,0.518,0.0001,67010.0,0.07909604519774016,0.1765,336.0,12395.0,16.826589595375722,12731.0
3110,Johnstown-Milliken RE-5J,38.0,28.9,0.938,0.021,4055,235.0,0.37200000000000005,0.496,0.504,0.0002,70875.0,0.13559322033898302,0.1542,494.0,13150.0,17.25531914893617,13644.0
3120,Greeley 6,28.9,19.8,0.9,0.052000000000000005,23124,1240.4,0.7340000000000001,0.485,0.515,0.0,71486.0,0.18489378442171522,0.2003,1494.0,13173.0,18.642373427926476,14667.0
3130,Platte Valley RE-7,47.4,36.6,0.941,0.015,1195,83.4,0.452,0.47200000000000003,0.528,0.0,68990.0,0.08433734939759041,0.17059999999999997,226.0,18451.0,14.328537170263788,18677.0
3140,Weld Re-8 Schools,25.1,22.5,0.897,0.046,2503,148.2,0.7609999999999999,0.493,0.507,0.0,66648.0,0.261744966442953,0.218,1898.0,13152.0,16.889338731443996,15050.0
3145,Ault-Highland RE-9,20.2,22.6,0.92,0.024,976,64.2,0.409,0.45399999999999996,0.546,0.0,55455.0,0.09375,0.25489999999999996,431.0,12675.0,15.202492211838006,13106.0
3147,Prairie RE-11,25.4,16.9,0.953,0.006999999999999999,163,16.3,0.092,0.49700000000000005,0.503,0.0,55413.0,0.9444444444444444,0.2903,692.0,24803.0,10.0,25495.0
3200,Yuma 1,30.6,28.0,0.922,0.027999999999999997,802,61.2,0.591,0.504,0.496,0.0,53740.0,0.06451612903225812,0.1462,792.0,13055.0,13.104575163398692,13847.0
3210,Wray RD-2,49.5,37.4,0.91,0.023,738,48.5,0.39299999999999996,0.486,0.514,0.0,48288.0,0.12244897959183676,0.192,691.0,15555.0,15.216494845360824,16246.0
3220,Idalia RJ-3,64.7,39.2,0.966,0.032,150,15.7,0.213,0.5329999999999999,0.467,0.0,46149.0,0.0,0.1795,1395.0,21316.0,9.554140127388536,22711.0
3230,Liberty J-4,63.6,27.3,0.9359999999999999,0.01,76,10.6,0.171,0.461,0.539,0.0,41423.0,0.0,0.1818,2520.0,25139.0,7.169811320754717,27659.0
8001,Charter School Institute,39.6,28.6,0.912,0.034,21122,1171.9,0.513,0.498,0.502,0.0002,0.0,0.22852512155591576,0.35090000000000005,623.0,11631.0,18.023722160593906,12254.0
9170,Education reEnvisioned BOCES,32.6,16.4,0.932,0.042,10312,244.6,0.38,0.505,0.494,0.0004,55421.0,0.11785714285714288,0.2416,109.0,7864.0,42.15862632869992,7973.0
